agent_id,home_lat,home_lon,work_lat,work_lon,mode,departure_time,age_group,income_level
1,6.5244,3.3792,6.4531,3.3965,car,07:30,adult,high
2,6.5512,3.3454,6.4281,3.4247,danfo,06:45,adult,medium
3,6.6012,3.3423,6.5678,3.3666,brt,07:00,adult,low
4,6.4973,3.3574,6.5161,3.3681,walk,08:00,youth,low
5,6.4444,3.3589,6.4484,3.3965,danfo,06:30,adult,medium
6,6.5858,3.3818,6.4493,3.4084,car,07:45,adult,high
7,6.6234,3.3456,6.6154,3.3234,okada,06:15,youth,low
8,6.4367,3.3456,6.4444,3.3589,walk,07:15,elderly,low
9,6.5012,3.3773,6.4973,3.3574,brt,06:50,adult,medium
10,6.4582,3.3294,6.4901,3.3571,danfo,07:20,adult,medium